age,job,marital,education,balance,housing,loan,previous,poutcome,y
20,student,single,secondary,502,no,no,0,nonexistent,yes
31,blue-collar,married,secondary,360,yes,yes,1,failure,no
56,technician,married,secondary,4073,no,no,0,nonexistent,no
38,management,divorced,unknown,0,yes,no,0,nonexistent,no
44,entrepreneur,married,secondary,93,no,no,0,nonexistent,no
53,admin.,married,secondary,105,no,yes,0,nonexistent,no
68,retired,divorced,secondary,4189,no,no,0,nonexistent,yes
32,management,single,tertiary,2536,yes,no,0,nonexistent,yes
49,technician,married,tertiary,1235,no,no,0,nonexistent,yes
78,retired,divorced,primary,229,no,no,0,nonexistent,yes
32,blue-collar,married,secondary,2089,yes,no,0,nonexistent,yes
33,management,married,secondary,3935,yes,no,2,failure,yes
23,services,single,tertiary,363,yes,no,0,nonexistent,no
38,management,single,tertiary,11971,yes,no,3,failure,no
36,management,single,tertiary,553,no,no,0,nonexistent,no
52,blue-collar,married,secondary,1117,yes,no,0,nonexistent,no
26,blue-collar,married,primary,0,yes,no,0,nonexistent,no
61,admin.,married,unknown,4629,yes,no,1,success,yes
45,blue-collar,divorced,primary,844,no,no,0,nonexistent,yes
37,technician,single,secondary,228,yes,no,0,nonexistent,no
33,self-employed,single,tertiary,2155,no,no,0,nonexistent,no
36,retired,single,secondary,101,yes,yes,0,nonexistent,no
56,admin.,married,secondary,16873,no,no,0,nonexistent,no
51,blue-collar,divorced,secondary,203,yes,no,5,failure,no
41,management,married,secondary,0,no,yes,0,nonexistent,no
37,management,married,tertiary,0,no,no,3,success,yes
31,management,single,tertiary,6248,yes,no,0,nonexistent,no
50,blue-collar,divorced,primary,388,no,no,0,nonexistent,no
40,unemployed,married,secondary,219,yes,no,1,failure,no
27,admin.,divorced,secondary,451,yes,no,0,nonexistent,yes
60,retired,married,primary,5,no,no,0,nonexistent,no
52,services,married,secondary,657,no,no,2,failure,yes
37,management,married,tertiary,1315,no,no,0,nonexistent,yes
38,admin.,married,secondary,424,yes,no,0,nonexistent,no
34,blue-collar,married,primary,455,yes,no,0,nonexistent,no
27,services,single,secondary,-195,yes,no,0,nonexistent,yes
41,unknown,single,tertiary,1567,no,no,0,nonexistent,no
31,unemployed,single,primary,406,no,no,0,nonexistent,yes
37,blue-collar,married,secondary,427,yes,yes,0,nonexistent,no
56,unemployed,married,primary,3391,no,no,0,nonexistent,yes
21,student,single,secondary,2488,no,no,3,success,yes
25,student,single,secondary,331,no,no,0,nonexistent,yes
25,technician,single,secondary,505,no,yes,0,nonexistent,yes
30,services,married,secondary,1808,yes,no,0,nonexistent,no
22,admin.,single,secondary,4111,no,yes,0,nonexistent,no
45,blue-collar,married,primary,419,no,no,0,nonexistent,no
34,self-employed,single,tertiary,462,no,no,0,nonexistent,yes
77,retired,divorced,tertiary,4659,no,no,0,nonexistent,yes
33,management,single,tertiary,0,no,no,0,nonexistent,no
34,management,single,tertiary,0,no,no,0,nonexistent,no
52,management,married,tertiary,-970,yes,no,0,nonexistent,yes
48,technician,married,secondary,1152,yes,no,0,nonexistent,no
37,technician,single,unknown,391,yes,no,0,nonexistent,no
45,unemployed,divorced,primary,-249,yes,yes,0,nonexistent,no
55,admin.,married,secondary,602,no,no,2,success,yes
43,services,married,secondary,978,yes,yes,0,nonexistent,no
28,management,single,tertiary,80,no,no,2,failure,yes
32,blue-collar,single,secondary,1143,yes,yes,0,nonexistent,no
43,admin.,married,secondary,-465,yes,yes,0,nonexistent,no
28,technician,single,tertiary,172,yes,yes,0,nonexistent,no
36,technician,married,secondary,23,yes,no,1,failure,no
56,retired,married,secondary,-1206,yes,no,0,nonexistent,yes
49,blue-collar,married,primary,0,yes,yes,0,nonexistent,no
36,services,married,secondary,1981,no,no,0,nonexistent,no
42,technician,married,tertiary,782,no,no,0,nonexistent,no
75,retired,married,secondary,3771,no,no,2,success,yes
34,technician,single,tertiary,992,yes,no,2,success,no
35,technician,single,tertiary,2658,yes,no,3,failure,yes
29,blue-collar,single,tertiary,455,no,no,0,nonexistent,yes
42,technician,married,secondary,2030,yes,yes,0,nonexistent,no
38,services,single,secondary,-196,yes,no,1,failure,no
36,technician,single,secondary,9149,yes,no,0,nonexistent,no
42,management,married,tertiary,372,yes,no,0,nonexistent,yes
30,blue-collar,married,secondary,975,yes,no,2,failure,no
37,technician,married,secondary,4030,yes,no,0,nonexistent,no
49,blue-collar,married,primary,365,no,no,0,nonexistent,no
33,technician,married,secondary,-204,no,no,0,nonexistent,no
44,technician,single,secondary,33,yes,no,10,failure,no
30,student,single,secondary,3096,no,no,0,nonexistent,no
57,technician,married,unknown,206,yes,no,0,nonexistent,no
27,admin.,married,secondary,-247,yes,yes,0,nonexistent,no
50,blue-collar,married,secondary,606,yes,no,0,nonexistent,no
32,unemployed,single,secondary,0,no,no,0,nonexistent,no
31,management,married,tertiary,395,yes,no,0,nonexistent,no
58,retired,married,primary,3401,yes,no,2,failure,no
55,blue-collar,married,secondary,989,yes,yes,0,nonexistent,no
34,management,married,tertiary,415,no,yes,0,nonexistent,no
29,blue-collar,single,secondary,482,no,yes,0,nonexistent,yes
53,entrepreneur,married,tertiary,624,no,yes,0,nonexistent,no
33,technician,married,tertiary,-988,yes,yes,0,nonexistent,no
38,admin.,single,secondary,902,yes,no,0,nonexistent,no
24,blue-collar,single,secondary,174,yes,yes,0,nonexistent,yes
35,self-employed,married,secondary,524,yes,no,0,nonexistent,no
50,blue-collar,married,primary,5776,no,no,0,nonexistent,no
59,self-employed,married,tertiary,593,no,no,0,nonexistent,no
37,blue-collar,single,secondary,3561,yes,no,0,nonexistent,no
42,admin.,divorced,secondary,63,no,no,0,nonexistent,no
40,student,married,secondary,260,no,no,0,nonexistent,no
34,admin.,married,tertiary,69,no,yes,6,success,yes
50,blue-collar,married,primary,4108,yes,no,0,nonexistent,yes
53,technician,divorced,secondary,0,yes,yes,0,nonexistent,no
49,entrepreneur,divorced,unknown,-701,yes,no,0,nonexistent,yes
45,blue-collar,divorced,primary,-311,yes,no,0,nonexistent,yes
38,entrepreneur,married,secondary,593,yes,yes,0,nonexistent,yes
32,blue-collar,married,secondary,759,yes,no,0,nonexistent,yes
65,retired,divorced,primary,1840,no,no,5,failure,no
49,entrepreneur,married,secondary,687,yes,no,0,nonexistent,yes
38,unemployed,married,primary,1147,yes,yes,0,nonexistent,no
25,admin.,single,tertiary,760,yes,no,2,failure,yes
30,blue-collar,married,primary,1317,yes,no,0,nonexistent,no
35,entrepreneur,married,secondary,2971,no,no,2,failure,yes
26,unemployed,single,secondary,1064,no,no,0,nonexistent,no
38,management,married,tertiary,1199,no,no,1,success,yes
47,blue-collar,married,primary,214,yes,yes,0,nonexistent,no
35,entrepreneur,single,tertiary,145,yes,no,0,nonexistent,yes
35,unemployed,married,secondary,978,no,no,3,success,yes
32,services,married,primary,228,yes,no,0,nonexistent,yes
30,management,single,tertiary,424,no,no,0,nonexistent,yes
63,retired,married,primary,1084,no,no,1,success,no
55,management,married,primary,2587,no,no,2,success,yes
44,admin.,married,secondary,0,yes,yes,0,nonexistent,no
47,self-employed,married,tertiary,2303,yes,no,1,failure,no
31,blue-collar,married,secondary,1660,yes,no,0,nonexistent,no
35,management,married,tertiary,32,yes,no,0,nonexistent,no
48,admin.,divorced,secondary,4099,no,no,0,nonexistent,yes
26,student,single,secondary,2572,yes,no,0,nonexistent,no
36,management,single,tertiary,339,no,no,0,nonexistent,no
38,technician,single,secondary,0,yes,no,0,nonexistent,no
60,technician,single,primary,11262,no,no,0,nonexistent,yes
38,services,married,secondary,-140,no,no,0,nonexistent,no
40,management,married,primary,733,yes,no,0,nonexistent,no
37,management,married,tertiary,393,yes,no,4,failure,yes
53,technician,divorced,primary,7290,yes,no,0,nonexistent,no
27,services,single,secondary,468,yes,no,0,nonexistent,no
59,retired,married,tertiary,9676,no,no,0,nonexistent,yes
37,services,married,secondary,1328,yes,no,4,failure,no
48,management,married,tertiary,6613,no,no,0,nonexistent,no
48,technician,married,secondary,302,yes,no,0,nonexistent,no
28,blue-collar,single,primary,0,yes,yes,0,nonexistent,no
28,blue-collar,single,secondary,517,no,yes,0,nonexistent,yes
44,management,married,secondary,438,yes,no,1,failure,no
54,admin.,married,secondary,0,no,no,2,failure,yes
75,retired,divorced,tertiary,3810,yes,no,1,failure,yes
49,management,divorced,tertiary,755,no,no,0,nonexistent,yes
37,management,married,tertiary,502,yes,no,1,failure,no
26,technician,single,tertiary,1216,yes,no,0,nonexistent,no
36,services,single,secondary,342,yes,no,0,nonexistent,no
29,blue-collar,single,primary,950,yes,no,0,nonexistent,no
32,blue-collar,married,secondary,2366,yes,no,0,nonexistent,no
43,blue-collar,married,secondary,130,no,no,3,failure,no
56,management,married,tertiary,217,no,yes,0,nonexistent,no
31,self-employed,married,tertiary,259,yes,no,0,nonexistent,no
44,management,married,tertiary,22,yes,no,0,nonexistent,no
30,management,married,tertiary,1221,yes,no,0,nonexistent,yes
47,admin.,married,secondary,2,no,no,0,nonexistent,no
35,technician,married,secondary,4508,yes,no,0,nonexistent,yes
44,management,married,tertiary,795,no,no,0,nonexistent,no
42,blue-collar,married,secondary,117,yes,no,0,nonexistent,no
34,self-employed,single,tertiary,5462,no,no,0,nonexistent,yes
50,blue-collar,married,secondary,283,yes,no,0,nonexistent,no
35,blue-collar,divorced,secondary,3102,yes,no,0,nonexistent,no
32,blue-collar,married,secondary,889,yes,no,5,success,yes
40,management,single,secondary,10378,yes,no,0,nonexistent,no
36,blue-collar,single,primary,1313,yes,no,0,nonexistent,no
61,admin.,married,secondary,4608,no,no,0,nonexistent,yes
77,retired,married,tertiary,7802,no,no,2,success,yes
54,blue-collar,married,secondary,1480,yes,no,0,nonexistent,no
52,blue-collar,married,primary,779,yes,no,0,nonexistent,no
33,services,divorced,secondary,991,yes,no,0,nonexistent,no
53,admin.,married,secondary,1796,no,no,2,success,yes
46,admin.,married,secondary,22,no,no,0,nonexistent,yes
44,technician,single,secondary,244,yes,no,0,nonexistent,yes
48,management,divorced,tertiary,1328,yes,no,0,nonexistent,no
19,student,single,primary,103,no,no,0,nonexistent,yes
30,blue-collar,single,secondary,315,no,no,0,nonexistent,yes
32,management,married,tertiary,820,yes,no,0,nonexistent,no
52,technician,married,secondary,195,yes,no,5,failure,yes
45,unemployed,divorced,primary,757,no,no,4,failure,no
34,technician,married,tertiary,691,yes,yes,0,nonexistent,no
36,blue-collar,married,primary,1925,yes,no,0,nonexistent,yes
45,services,married,secondary,-839,yes,no,0,nonexistent,no
57,retired,married,primary,5799,no,no,0,nonexistent,no
40,management,married,tertiary,1584,yes,no,0,nonexistent,no
34,admin.,single,secondary,663,yes,no,0,nonexistent,no
45,management,married,tertiary,1529,no,no,0,nonexistent,no
47,admin.,single,secondary,3696,no,no,4,success,yes
49,admin.,married,secondary,2465,no,no,0,nonexistent,no
39,management,single,tertiary,12437,no,no,0,nonexistent,no
54,blue-collar,married,primary,211,no,no,0,nonexistent,no
42,self-employed,married,tertiary,1932,yes,no,0,nonexistent,no
43,management,single,tertiary,1304,no,no,0,nonexistent,yes
41,blue-collar,married,secondary,720,no,yes,0,nonexistent,yes
34,technician,married,secondary,1464,yes,no,0,nonexistent,no
26,self-employed,single,tertiary,211,no,no,0,nonexistent,no
59,unemployed,married,primary,0,no,no,0,nonexistent,no
44,services,married,secondary,0,yes,yes,0,nonexistent,no
38,management,married,tertiary,-558,yes,no,0,nonexistent,no
28,technician,single,secondary,227,no,no,0,nonexistent,yes
31,admin.,married,secondary,236,yes,yes,0,nonexistent,no
32,self-employed,single,secondary,518,yes,no,0,nonexistent,no
36,self-employed,married,tertiary,16,yes,yes,0,nonexistent,no
31,technician,married,secondary,660,no,no,0,nonexistent,no
32,services,single,secondary,2881,no,no,0,nonexistent,yes
42,blue-collar,married,primary,0,yes,no,0,nonexistent,no
31,admin.,married,secondary,88,yes,yes,0,nonexistent,no
41,self-employed,married,tertiary,231,no,no,0,nonexistent,yes
31,blue-collar,married,secondary,-45,yes,no,0,nonexistent,no
35,technician,married,tertiary,7050,no,no,4,success,yes
32,blue-collar,single,secondary,-84,yes,no,0,nonexistent,no
57,retired,married,secondary,374,yes,yes,0,nonexistent,no
45,technician,married,secondary,88,no,no,0,nonexistent,no
59,management,married,tertiary,2764,no,no,2,failure,no
30,management,single,tertiary,2,yes,yes,0,nonexistent,yes
58,self-employed,divorced,tertiary,1382,no,no,0,nonexistent,yes
33,management,divorced,tertiary,280,no,yes,0,nonexistent,no
27,management,single,tertiary,703,yes,no,0,nonexistent,yes
57,admin.,divorced,unknown,887,no,no,0,nonexistent,no
53,admin.,single,secondary,1178,yes,no,0,nonexistent,no
39,management,married,tertiary,2763,yes,no,0,nonexistent,yes
46,self-employed,married,secondary,548,no,no,0,nonexistent,yes
33,housemaid,single,tertiary,23663,yes,no,2,failure,no
27,entrepreneur,single,tertiary,81,no,no,3,failure,no
28,management,single,tertiary,0,yes,no,0,nonexistent,yes
38,technician,single,tertiary,25,yes,no,0,nonexistent,yes
44,technician,married,secondary,310,yes,no,1,failure,no
49,services,single,secondary,133,no,no,0,nonexistent,no
28,services,single,secondary,168,no,no,2,success,yes
80,management,married,primary,6483,no,no,0,nonexistent,no
29,services,married,secondary,3,yes,no,0,nonexistent,no
32,management,divorced,tertiary,874,no,no,0,nonexistent,yes
59,retired,married,unknown,1033,no,no,0,nonexistent,yes
35,self-employed,divorced,tertiary,1354,yes,no,0,nonexistent,yes
55,retired,married,primary,8894,no,no,0,nonexistent,no
41,blue-collar,married,secondary,429,yes,no,0,nonexistent,no
56,management,single,tertiary,15311,no,no,0,nonexistent,no
50,management,married,tertiary,3463,no,yes,0,nonexistent,yes
36,technician,married,secondary,480,no,no,0,nonexistent,yes
28,management,single,secondary,1633,no,no,0,nonexistent,yes
55,retired,married,primary,3334,no,no,0,nonexistent,yes
53,technician,married,secondary,65,no,no,0,nonexistent,no
48,management,married,tertiary,1167,yes,yes,0,nonexistent,yes
42,admin.,single,secondary,1022,yes,no,0,nonexistent,no
26,management,single,tertiary,350,no,no,0,nonexistent,no
24,blue-collar,single,primary,111,yes,yes,0,nonexistent,no
37,management,divorced,tertiary,168,yes,no,0,nonexistent,no
37,management,married,tertiary,865,yes,no,0,nonexistent,no
29,blue-collar,single,secondary,908,yes,no,0,nonexistent,yes
30,blue-collar,single,secondary,445,yes,no,2,failure,no
34,management,married,tertiary,703,yes,no,0,nonexistent,yes
32,blue-collar,married,secondary,456,no,no,0,nonexistent,no
39,technician,married,tertiary,794,no,no,0,nonexistent,no
47,blue-collar,married,secondary,1996,no,no,0,nonexistent,yes
59,retired,married,secondary,163,no,no,0,nonexistent,no
38,technician,single,secondary,4366,yes,no,0,nonexistent,no
41,blue-collar,married,secondary,4900,yes,no,0,nonexistent,no
46,management,divorced,tertiary,624,no,no,2,success,yes
49,technician,married,secondary,-1680,yes,yes,0,nonexistent,no
41,admin.,single,secondary,1020,yes,no,0,nonexistent,yes
43,management,married,primary,8167,yes,no,0,nonexistent,no
33,blue-collar,divorced,primary,636,yes,no,0,nonexistent,no
56,technician,married,secondary,150,yes,yes,1,failure,no
31,housemaid,single,primary,26965,no,no,0,nonexistent,yes
30,management,single,tertiary,19358,no,no,0,nonexistent,no
28,technician,single,tertiary,183,yes,yes,0,nonexistent,no
26,admin.,single,secondary,255,no,no,1,success,yes
60,technician,married,primary,65,yes,no,0,nonexistent,yes
27,student,single,tertiary,5291,no,no,2,failure,yes
51,blue-collar,divorced,unknown,10287,yes,no,0,nonexistent,no
28,services,single,secondary,198,no,no,0,nonexistent,yes
33,technician,divorced,secondary,9,no,no,0,nonexistent,no
33,blue-collar,married,primary,511,yes,no,0,nonexistent,no
39,management,divorced,tertiary,3575,no,yes,0,nonexistent,no
50,entrepreneur,divorced,tertiary,1790,no,yes,0,nonexistent,no
34,blue-collar,divorced,unknown,172,no,no,0,nonexistent,yes
34,management,married,tertiary,0,yes,no,2,success,yes
36,management,married,tertiary,222,yes,no,2,failure,no
40,technician,married,secondary,109,no,no,0,nonexistent,no
40,blue-collar,married,secondary,1451,no,no,0,nonexistent,yes
41,technician,married,secondary,1066,no,no,0,nonexistent,yes
40,services,single,secondary,888,yes,no,0,nonexistent,no
55,management,married,tertiary,979,no,yes,0,nonexistent,no
37,technician,single,tertiary,3315,yes,no,0,nonexistent,no
41,blue-collar,married,secondary,552,yes,no,0,nonexistent,no
33,management,single,tertiary,3143,no,no,0,nonexistent,yes
33,management,single,tertiary,1909,no,no,0,nonexistent,no
58,self-employed,married,primary,1013,yes,no,1,failure,yes
34,blue-collar,single,secondary,215,no,no,0,nonexistent,yes
44,self-employed,married,tertiary,134,no,no,0,nonexistent,no
43,management,divorced,tertiary,388,yes,no,0,nonexistent,yes
59,self-employed,married,tertiary,2013,no,no,2,success,yes
32,blue-collar,single,secondary,604,no,yes,0,nonexistent,no
46,management,married,tertiary,964,yes,no,0,nonexistent,no
37,admin.,married,tertiary,3913,yes,no,0,nonexistent,yes
40,services,married,secondary,-342,yes,no,0,nonexistent,no
34,technician,married,secondary,209,yes,yes,0,nonexistent,no
40,management,married,tertiary,5,yes,no,0,nonexistent,no
45,technician,single,secondary,410,yes,no,0,nonexistent,yes
53,management,married,tertiary,4,no,no,0,nonexistent,no
49,blue-collar,married,secondary,-454,yes,no,0,nonexistent,yes
53,retired,married,secondary,665,yes,no,0,nonexistent,yes
42,technician,married,secondary,994,yes,no,5,failure,yes
45,admin.,married,secondary,5346,yes,yes,0,nonexistent,yes
32,admin.,married,tertiary,0,yes,no,0,nonexistent,no
36,blue-collar,married,secondary,2357,yes,no,0,nonexistent,no
56,retired,married,secondary,1044,no,no,0,nonexistent,yes
38,admin.,married,secondary,1852,yes,no,0,nonexistent,no
43,management,married,tertiary,2767,yes,no,0,nonexistent,no
42,management,single,secondary,9720,no,no,0,nonexistent,no
55,blue-collar,divorced,secondary,1613,yes,no,3,failure,yes
41,blue-collar,married,secondary,780,yes,no,0,nonexistent,no
35,retired,married,primary,285,yes,no,0,nonexistent,no
34,services,married,secondary,1337,no,no,3,success,yes
30,admin.,married,secondary,11,yes,no,0,nonexistent,no
63,entrepreneur,married,secondary,3904,no,no,2,success,yes
23,management,single,tertiary,736,yes,no,0,nonexistent,no
48,management,married,tertiary,1147,no,no,2,success,yes
53,services,divorced,secondary,-905,yes,no,0,nonexistent,no
44,management,married,secondary,8262,yes,no,0,nonexistent,no
36,blue-collar,married,secondary,1049,yes,no,0,nonexistent,yes
38,admin.,married,tertiary,1988,no,no,2,failure,yes
43,blue-collar,married,secondary,667,yes,no,0,nonexistent,no
33,blue-collar,married,secondary,661,yes,no,0,nonexistent,yes
47,self-employed,married,tertiary,751,no,no,0,nonexistent,no
50,blue-collar,married,primary,0,no,no,0,nonexistent,no
36,technician,married,secondary,300,no,no,0,nonexistent,no
35,blue-collar,married,secondary,137,no,yes,12,failure,no
59,technician,married,secondary,1,no,no,3,failure,yes
50,technician,single,secondary,3897,no,no,0,nonexistent,no
36,technician,divorced,secondary,487,no,yes,0,nonexistent,no
60,retired,married,secondary,4820,no,no,0,nonexistent,no
28,management,single,tertiary,4937,yes,no,0,nonexistent,no
32,technician,married,tertiary,4089,no,no,3,failure,no
35,technician,married,tertiary,188,no,no,0,nonexistent,no
37,technician,married,unknown,189,no,no,2,success,yes
57,retired,married,tertiary,0,yes,yes,0,nonexistent,yes
42,blue-collar,married,secondary,3052,yes,no,0,nonexistent,no
35,technician,divorced,secondary,56,no,no,0,nonexistent,no
60,management,divorced,tertiary,366,no,no,0,nonexistent,yes
57,housemaid,married,primary,501,yes,yes,0,nonexistent,no
44,admin.,married,secondary,205,no,no,0,nonexistent,yes
32,technician,single,tertiary,259,no,no,0,nonexistent,no
32,technician,single,tertiary,5514,no,no,1,success,yes
33,management,married,tertiary,273,yes,no,0,nonexistent,yes
34,technician,single,secondary,2729,yes,no,1,success,no
60,housemaid,married,primary,517,no,no,0,nonexistent,no
28,self-employed,single,tertiary,4579,no,no,0,nonexistent,yes
37,management,married,tertiary,5106,no,no,0,nonexistent,yes
31,technician,married,tertiary,636,yes,no,0,nonexistent,yes
34,services,married,secondary,1076,no,no,6,success,yes
32,self-employed,married,secondary,-33,yes,no,0,nonexistent,no
33,admin.,married,secondary,-6,yes,no,0,nonexistent,no
54,retired,divorced,tertiary,0,no,no,0,nonexistent,yes
33,blue-collar,single,secondary,706,yes,no,1,failure,no
36,management,married,secondary,1825,yes,no,1,failure,no
58,self-employed,married,secondary,1407,yes,no,0,nonexistent,no
39,blue-collar,married,unknown,0,no,no,3,failure,no
61,management,married,tertiary,6016,no,no,0,nonexistent,yes
58,retired,single,secondary,1640,no,yes,4,failure,no
36,management,single,tertiary,490,no,no,1,failure,yes
44,blue-collar,married,primary,271,yes,yes,0,nonexistent,no
33,admin.,married,secondary,4902,yes,no,0,nonexistent,no
75,retired,divorced,secondary,1341,no,no,0,nonexistent,yes
36,technician,single,secondary,1521,yes,no,0,nonexistent,no
28,blue-collar,single,secondary,4229,yes,yes,0,nonexistent,no
27,services,married,secondary,54,yes,no,1,failure,no
60,blue-collar,married,primary,493,no,no,0,nonexistent,yes
54,entrepreneur,married,secondary,653,yes,no,0,nonexistent,no
37,services,single,secondary,1050,yes,no,0,nonexistent,no
54,unknown,married,unknown,895,no,no,0,nonexistent,yes
36,unemployed,married,secondary,-129,yes,no,0,nonexistent,no
27,technician,single,secondary,158,no,no,0,nonexistent,yes
46,admin.,divorced,secondary,2232,no,no,0,nonexistent,yes
32,management,married,tertiary,913,yes,no,4,failure,no
30,blue-collar,married,primary,2581,no,no,0,nonexistent,no
54,services,married,secondary,386,yes,no,0,nonexistent,no
32,management,single,tertiary,1218,yes,no,0,nonexistent,no
31,management,married,tertiary,2603,yes,no,0,nonexistent,yes
34,blue-collar,married,primary,79,yes,no,0,nonexistent,no
46,management,divorced,tertiary,743,no,no,0,nonexistent,no
32,management,single,tertiary,41,no,no,0,nonexistent,yes
59,retired,divorced,secondary,5845,no,no,0,nonexistent,yes
42,management,married,unknown,1519,no,no,1,success,yes
80,retired,married,secondary,8304,no,no,12,failure,yes
48,services,married,primary,-583,yes,no,0,nonexistent,no
30,management,married,tertiary,3134,yes,no,0,nonexistent,no
49,management,married,secondary,1623,yes,no,0,nonexistent,yes
34,admin.,single,secondary,852,no,no,0,nonexistent,no
45,admin.,married,secondary,204,yes,no,0,nonexistent,yes
32,management,single,tertiary,311,no,no,0,nonexistent,yes
52,services,married,secondary,-888,no,no,0,nonexistent,no
27,admin.,married,secondary,710,yes,yes,2,success,yes
28,management,single,secondary,171,no,no,0,nonexistent,yes
83,retired,married,primary,425,no,no,1,failure,yes
58,blue-collar,married,primary,781,yes,no,0,nonexistent,no
29,admin.,single,secondary,-194,yes,no,0,nonexistent,no
35,housemaid,married,primary,0,yes,no,0,nonexistent,no
34,management,married,tertiary,1906,yes,no,0,nonexistent,no
34,blue-collar,married,primary,-319,yes,yes,0,nonexistent,no
33,technician,divorced,tertiary,-386,yes,no,0,nonexistent,no
59,services,married,secondary,204,no,no,0,nonexistent,no
34,management,married,tertiary,4170,yes,no,0,nonexistent,no
50,services,married,secondary,254,yes,no,1,failure,no
38,technician,married,tertiary,3234,no,no,0,nonexistent,yes
33,technician,single,tertiary,316,no,no,0,nonexistent,no
50,management,married,tertiary,0,no,no,0,nonexistent,no
36,blue-collar,divorced,secondary,-140,yes,no,0,nonexistent,no
38,services,single,secondary,2253,yes,no,0,nonexistent,yes
36,management,married,tertiary,495,no,no,2,success,yes
42,services,married,secondary,292,yes,no,0,nonexistent,no
43,blue-collar,married,primary,7343,yes,no,0,nonexistent,no
59,retired,single,secondary,351,yes,no,0,nonexistent,yes
35,unknown,married,primary,365,no,no,0,nonexistent,no
64,retired,married,secondary,1574,no,no,0,nonexistent,yes
77,retired,married,tertiary,0,no,no,1,success,yes
57,retired,married,primary,2927,no,yes,0,nonexistent,no
56,housemaid,divorced,primary,1238,no,no,0,nonexistent,yes
57,technician,divorced,primary,13,yes,no,2,failure,no
32,technician,single,tertiary,4665,yes,no,0,nonexistent,yes
31,management,married,tertiary,1224,yes,yes,0,nonexistent,yes
49,self-employed,married,secondary,1103,no,no,0,nonexistent,no
45,services,single,primary,1893,yes,no,0,nonexistent,yes
36,management,married,tertiary,2987,yes,no,0,nonexistent,yes
31,technician,single,secondary,433,no,no,0,nonexistent,no
31,blue-collar,married,secondary,1766,no,yes,0,nonexistent,yes
53,services,divorced,secondary,0,no,no,0,nonexistent,yes
59,technician,married,secondary,259,no,no,1,success,yes
35,technician,single,tertiary,7546,yes,no,3,failure,no
40,management,single,secondary,192,yes,no,0,nonexistent,no
43,technician,single,tertiary,27733,yes,no,0,nonexistent,no
29,technician,single,secondary,113,no,no,4,success,yes
46,management,married,tertiary,1008,no,no,0,nonexistent,no
27,unknown,single,tertiary,6421,no,no,0,nonexistent,no
27,services,single,secondary,-124,no,no,0,nonexistent,no
46,technician,married,secondary,57,no,no,0,nonexistent,yes
49,admin.,married,secondary,635,no,no,0,nonexistent,no
47,admin.,divorced,secondary,225,no,no,0,nonexistent,yes
42,admin.,divorced,secondary,936,no,no,0,nonexistent,yes
32,technician,married,secondary,167,yes,yes,0,nonexistent,no
32,technician,married,secondary,286,no,no,4,failure,no
35,blue-collar,single,unknown,871,yes,no,0,nonexistent,no
57,technician,divorced,secondary,63,yes,no,0,nonexistent,no
29,management,single,secondary,417,no,no,0,nonexistent,no
41,services,married,secondary,3992,yes,no,0,nonexistent,no
33,technician,married,secondary,133,no,no,0,nonexistent,yes
54,management,divorced,tertiary,2171,yes,yes,0,nonexistent,yes
32,technician,single,secondary,2979,no,no,0,nonexistent,no
43,self-employed,married,secondary,634,yes,no,1,failure,no
35,management,married,tertiary,1100,no,yes,0,nonexistent,no
56,admin.,married,secondary,0,yes,no,0,nonexistent,no
36,services,married,secondary,1328,yes,no,0,nonexistent,no
55,management,married,primary,229,no,yes,0,nonexistent,no
28,student,single,tertiary,1562,no,no,0,nonexistent,yes
52,management,married,tertiary,1339,yes,no,0,nonexistent,no
43,blue-collar,married,primary,7727,yes,no,0,nonexistent,no
51,management,married,tertiary,2934,yes,no,0,nonexistent,no
34,management,married,tertiary,176,no,no,0,nonexistent,no
42,management,divorced,unknown,7702,no,no,0,nonexistent,yes
37,management,married,tertiary,539,no,no,3,failure,no
37,management,single,tertiary,815,yes,no,0,nonexistent,no
32,technician,married,secondary,84,no,yes,0,nonexistent,no
49,management,single,tertiary,151,yes,no,0,nonexistent,yes
53,services,married,secondary,-2,yes,yes,0,nonexistent,no
47,management,divorced,tertiary,1149,no,yes,0,nonexistent,no
46,management,divorced,tertiary,1297,no,no,0,nonexistent,yes
29,management,divorced,tertiary,415,yes,yes,0,nonexistent,no
39,self-employed,single,tertiary,426,no,no,0,nonexistent,yes
29,services,divorced,secondary,330,yes,no,0,nonexistent,no
30,management,married,tertiary,0,yes,no,0,nonexistent,no
58,unemployed,married,tertiary,744,no,no,0,nonexistent,no
45,blue-collar,married,primary,1291,yes,no,0,nonexistent,no
53,blue-collar,married,primary,306,no,no,1,success,yes
32,management,married,tertiary,71,yes,no,0,nonexistent,no
45,admin.,single,secondary,-11,yes,no,0,nonexistent,no
50,blue-collar,married,primary,1164,yes,no,0,nonexistent,no
52,blue-collar,divorced,primary,-191,yes,no,0,nonexistent,yes
47,services,single,unknown,1784,no,no,0,nonexistent,yes
40,admin.,married,secondary,168,yes,no,1,failure,no
33,self-employed,married,tertiary,263,no,no,0,nonexistent,no
32,technician,single,secondary,0,no,no,0,nonexistent,yes
34,unemployed,single,tertiary,415,no,no,0,nonexistent,no
42,blue-collar,single,primary,1322,yes,yes,0,nonexistent,no
28,management,single,tertiary,3238,yes,no,0,nonexistent,no
37,technician,single,secondary,2442,no,no,0,nonexistent,yes
43,admin.,married,secondary,132,no,no,3,success,yes
31,management,single,tertiary,3283,no,no,1,failure,yes
35,management,single,tertiary,5958,yes,no,0,nonexistent,yes
25,student,single,secondary,304,no,no,0,nonexistent,yes
32,blue-collar,single,secondary,118,yes,no,0,nonexistent,yes
46,admin.,married,secondary,70,yes,no,0,nonexistent,yes
43,unemployed,married,primary,960,yes,yes,0,nonexistent,no
51,technician,married,primary,1550,no,no,0,nonexistent,no
48,management,married,secondary,4415,yes,no,7,failure,yes
30,blue-collar,single,secondary,4,yes,no,0,nonexistent,no
45,blue-collar,married,primary,97,yes,no,0,nonexistent,no
38,technician,divorced,secondary,410,no,no,0,nonexistent,no
20,student,single,secondary,1191,no,no,0,nonexistent,no
34,technician,married,tertiary,197,no,no,0,nonexistent,yes
53,admin.,single,secondary,2398,yes,no,2,failure,yes
56,management,married,tertiary,3172,yes,no,0,nonexistent,no
40,admin.,single,secondary,100,yes,no,1,success,yes
49,housemaid,married,primary,889,no,no,0,nonexistent,yes
38,management,married,tertiary,-469,yes,no,0,nonexistent,no
49,admin.,married,secondary,197,yes,no,2,failure,yes
29,management,single,tertiary,1445,no,no,2,success,yes
38,technician,married,secondary,226,yes,no,0,nonexistent,yes
26,admin.,single,tertiary,3672,yes,no,0,nonexistent,no
35,technician,married,secondary,0,yes,no,5,success,yes
57,blue-collar,married,secondary,2887,no,no,0,nonexistent,yes
51,management,single,tertiary,297,yes,no,1,failure,yes
37,management,married,tertiary,347,yes,no,0,nonexistent,no
43,management,married,unknown,5172,yes,no,0,nonexistent,no
31,blue-collar,single,secondary,-219,yes,no,0,nonexistent,no
37,services,single,secondary,1175,yes,no,2,failure,no
41,blue-collar,married,secondary,641,yes,no,0,nonexistent,no
54,services,married,primary,8,yes,no,0,nonexistent,no
44,admin.,single,secondary,-101,yes,no,0,nonexistent,no
33,technician,divorced,secondary,10,yes,yes,0,nonexistent,no
31,management,married,tertiary,156,no,no,0,nonexistent,yes
35,technician,divorced,secondary,473,yes,yes,0,nonexistent,no
32,admin.,single,tertiary,-59,no,yes,0,nonexistent,no
39,technician,divorced,tertiary,3,no,no,0,nonexistent,yes
35,management,married,secondary,839,yes,no,0,nonexistent,no
39,services,married,secondary,247,yes,no,0,nonexistent,no
54,management,married,tertiary,8295,no,no,0,nonexistent,yes
51,self-employed,married,secondary,95,yes,no,0,nonexistent,yes
33,technician,single,secondary,291,no,no,0,nonexistent,no
38,blue-collar,married,primary,2240,yes,no,1,failure,no
34,management,single,tertiary,2646,no,no,0,nonexistent,yes
41,technician,single,secondary,618,no,no,0,nonexistent,no
47,blue-collar,married,secondary,1230,yes,no,1,success,yes
32,admin.,married,secondary,923,yes,no,0,nonexistent,no
47,technician,married,secondary,65,no,no,0,nonexistent,no
44,management,married,tertiary,773,no,yes,0,nonexistent,no
34,admin.,married,secondary,247,no,no,0,nonexistent,yes
30,blue-collar,single,secondary,180,no,no,2,failure,no
26,blue-collar,single,primary,-887,yes,no,0,nonexistent,yes
34,services,married,secondary,2211,no,no,0,nonexistent,no
32,blue-collar,single,secondary,135,yes,no,0,nonexistent,no
36,technician,married,tertiary,60,no,no,0,nonexistent,no
39,technician,divorced,secondary,902,yes,no,5,failure,yes
42,management,married,tertiary,1205,no,no,0,nonexistent,yes
27,services,married,secondary,100,no,no,0,nonexistent,no
29,services,single,secondary,192,no,no,0,nonexistent,no
58,management,married,tertiary,3228,no,no,0,nonexistent,no
40,management,single,tertiary,1361,no,no,0,nonexistent,yes
60,retired,married,secondary,197,no,no,0,nonexistent,no
46,management,married,tertiary,273,yes,no,4,success,yes
49,blue-collar,divorced,primary,15,yes,no,0,nonexistent,no
33,technician,married,tertiary,75,no,no,0,nonexistent,no
54,blue-collar,married,secondary,0,no,no,1,failure,no
48,housemaid,married,primary,7195,no,no,0,nonexistent,yes
30,services,single,tertiary,-477,no,yes,0,nonexistent,yes
51,entrepreneur,married,tertiary,3921,yes,no,0,nonexistent,no
53,unemployed,married,primary,980,yes,no,0,nonexistent,yes
33,admin.,single,secondary,-300,yes,yes,0,nonexistent,no
31,technician,single,secondary,391,no,no,0,nonexistent,no
71,retired,married,primary,4657,no,no,0,nonexistent,yes
22,student,single,primary,3472,no,no,3,failure,yes
27,technician,single,secondary,489,yes,no,0,nonexistent,yes
44,self-employed,divorced,secondary,80,yes,yes,0,nonexistent,no
27,student,single,secondary,213,no,no,0,nonexistent,yes
33,blue-collar,single,secondary,4404,yes,no,0,nonexistent,no
42,services,divorced,secondary,257,yes,no,0,nonexistent,yes
41,admin.,divorced,secondary,6046,yes,yes,2,success,yes
25,unemployed,single,tertiary,343,no,no,0,nonexistent,yes
33,blue-collar,married,primary,50,yes,no,0,nonexistent,no
44,blue-collar,married,primary,10,yes,no,0,nonexistent,no
52,management,married,tertiary,0,yes,no,0,nonexistent,no
44,technician,single,secondary,7138,no,no,0,nonexistent,yes
55,management,divorced,tertiary,-612,no,no,0,nonexistent,no
31,unemployed,single,secondary,-186,yes,no,0,nonexistent,no
34,technician,single,secondary,105,yes,no,3,failure,no
45,blue-collar,married,secondary,2926,yes,yes,2,failure,no
37,entrepreneur,divorced,tertiary,66,no,no,0,nonexistent,yes
44,management,married,primary,4758,yes,no,0,nonexistent,yes
30,technician,single,secondary,4787,yes,no,0,nonexistent,no
74,retired,divorced,secondary,4079,no,no,0,nonexistent,yes
40,management,single,tertiary,0,yes,no,6,failure,yes
34,technician,single,tertiary,925,yes,no,0,nonexistent,yes
54,management,divorced,tertiary,7010,no,no,0,nonexistent,no
42,self-employed,divorced,tertiary,216,yes,no,0,nonexistent,no
38,blue-collar,single,primary,490,yes,yes,0,nonexistent,no
59,management,married,primary,1727,no,no,2,failure,yes
41,blue-collar,divorced,primary,664,no,yes,0,nonexistent,yes
42,technician,married,secondary,473,yes,no,0,nonexistent,no
43,blue-collar,married,secondary,625,yes,no,0,nonexistent,no
21,services,single,secondary,1903,yes,no,0,nonexistent,no
59,technician,married,primary,4198,no,no,10,success,yes
31,admin.,single,secondary,747,yes,no,0,nonexistent,yes
24,technician,single,secondary,-46,yes,no,0,nonexistent,no
48,technician,married,secondary,568,yes,no,1,success,yes
34,blue-collar,married,secondary,1412,yes,yes,0,nonexistent,no
29,blue-collar,married,unknown,486,yes,no,1,failure,no
36,management,single,tertiary,2806,yes,no,0,nonexistent,no
47,technician,married,secondary,1167,yes,no,5,failure,yes
33,blue-collar,single,secondary,697,no,no,0,nonexistent,yes
30,management,single,tertiary,201,yes,no,0,nonexistent,yes
27,student,single,secondary,1566,no,no,0,nonexistent,no
38,management,single,tertiary,104,yes,no,0,nonexistent,yes
51,services,married,secondary,0,no,no,0,nonexistent,no
53,technician,married,secondary,100,no,no,0,nonexistent,no
48,technician,married,secondary,4265,yes,no,0,nonexistent,no
34,entrepreneur,married,secondary,4659,yes,no,0,nonexistent,no
46,admin.,married,secondary,22,yes,no,0,nonexistent,no
33,management,married,tertiary,1412,yes,no,0,nonexistent,yes
51,blue-collar,married,primary,3726,no,yes,0,nonexistent,no
62,retired,divorced,tertiary,0,no,no,0,nonexistent,yes
48,unemployed,married,secondary,817,no,no,4,success,yes
52,technician,married,secondary,3554,no,yes,0,nonexistent,no
41,admin.,married,primary,-306,yes,no,0,nonexistent,yes
35,housemaid,married,tertiary,1265,yes,no,4,failure,yes
57,housemaid,married,tertiary,3,no,no,0,nonexistent,no
47,housemaid,single,tertiary,3727,no,no,0,nonexistent,yes
31,technician,single,secondary,1970,no,no,0,nonexistent,no
62,management,married,tertiary,1859,no,no,0,nonexistent,yes
32,technician,single,tertiary,1059,yes,no,0,nonexistent,no
51,blue-collar,divorced,primary,602,yes,no,2,failure,no
36,blue-collar,married,secondary,63,yes,no,0,nonexistent,no
33,services,married,secondary,386,no,no,4,failure,yes
51,technician,married,primary,260,no,no,0,nonexistent,no
40,admin.,single,secondary,-1,no,no,0,nonexistent,no
35,technician,married,secondary,1707,yes,no,0,nonexistent,no
45,blue-collar,married,primary,907,no,no,0,nonexistent,no
40,services,married,secondary,1836,yes,no,0,nonexistent,yes
52,management,divorced,tertiary,907,yes,no,0,nonexistent,no
28,blue-collar,single,secondary,-46,yes,no,14,success,yes
43,entrepreneur,married,secondary,104,yes,no,0,nonexistent,yes
23,entrepreneur,single,primary,4,yes,no,0,nonexistent,yes
29,management,married,tertiary,199,yes,yes,0,nonexistent,yes
59,retired,married,secondary,0,no,no,0,nonexistent,no
34,management,married,tertiary,3301,yes,no,4,failure,yes
24,student,single,secondary,822,no,no,2,failure,yes
44,technician,married,secondary,2776,yes,no,0,nonexistent,yes
33,blue-collar,married,secondary,139,yes,yes,5,failure,yes
34,admin.,married,secondary,475,yes,no,0,nonexistent,no
46,management,single,tertiary,2154,yes,no,0,nonexistent,no
39,entrepreneur,married,tertiary,83,yes,no,0,nonexistent,no
38,technician,married,secondary,7696,yes,no,0,nonexistent,no
24,services,married,secondary,4500,yes,no,0,nonexistent,yes
34,technician,married,secondary,1,yes,no,0,nonexistent,no
46,management,single,tertiary,46,no,yes,1,failure,no
58,housemaid,single,tertiary,145,yes,yes,0,nonexistent,no
28,admin.,single,secondary,89,yes,yes,0,nonexistent,no
35,technician,married,secondary,94,yes,yes,0,nonexistent,no
37,management,married,tertiary,238,no,no,1,success,yes
30,housemaid,single,secondary,1924,no,no,0,nonexistent,no
70,retired,married,primary,3782,no,no,0,nonexistent,no
41,management,married,tertiary,326,yes,no,0,nonexistent,yes
33,management,single,tertiary,99,no,no,0,nonexistent,no
33,management,single,secondary,-424,yes,no,0,nonexistent,no
27,services,single,secondary,0,yes,no,0,nonexistent,no
47,technician,divorced,tertiary,-1148,yes,yes,0,nonexistent,no
35,admin.,single,secondary,0,yes,no,0,nonexistent,yes
34,technician,single,secondary,943,no,no,0,nonexistent,no
45,entrepreneur,married,tertiary,0,yes,no,0,nonexistent,no
50,technician,married,secondary,1412,no,no,0,nonexistent,no
21,student,single,secondary,681,no,no,0,nonexistent,no
42,admin.,married,secondary,0,no,no,0,nonexistent,no
32,blue-collar,married,secondary,1905,yes,no,0,nonexistent,yes
28,technician,single,secondary,769,yes,no,2,failure,no
36,technician,married,tertiary,6,yes,no,1,failure,no
54,blue-collar,divorced,primary,-182,no,no,0,nonexistent,no
52,self-employed,single,tertiary,1623,yes,no,0,nonexistent,no
43,entrepreneur,married,tertiary,13342,yes,no,0,nonexistent,no
53,admin.,married,secondary,225,yes,no,1,failure,no
44,management,married,secondary,-665,no,no,0,nonexistent,no
27,services,single,secondary,54,yes,no,0,nonexistent,yes
35,blue-collar,married,primary,46,no,no,0,nonexistent,no
33,admin.,single,tertiary,490,yes,no,2,failure,no
37,management,married,tertiary,0,yes,no,0,nonexistent,no
35,management,single,tertiary,71,yes,no,0,nonexistent,no
30,management,single,tertiary,940,no,no,0,nonexistent,no
39,admin.,married,secondary,179,no,no,0,nonexistent,no
30,services,married,secondary,1286,yes,yes,0,nonexistent,no
33,services,married,secondary,804,yes,yes,0,nonexistent,no
36,services,single,secondary,417,yes,no,3,failure,no
56,management,divorced,tertiary,659,no,yes,0,nonexistent,no
40,management,single,unknown,838,yes,no,0,nonexistent,no
37,technician,single,secondary,-242,yes,no,0,nonexistent,yes
43,services,single,secondary,3403,yes,no,2,success,yes
32,blue-collar,divorced,secondary,739,yes,no,0,nonexistent,no
26,unemployed,single,secondary,622,no,no,0,nonexistent,yes
35,services,married,secondary,152,yes,no,0,nonexistent,yes
39,blue-collar,married,secondary,1439,yes,no,0,nonexistent,no
32,technician,single,secondary,6402,yes,no,1,success,no
26,management,single,tertiary,122,no,yes,0,nonexistent,no
41,entrepreneur,married,secondary,2105,yes,no,0,nonexistent,no
44,unknown,married,secondary,2319,no,no,0,nonexistent,no
30,management,married,tertiary,877,no,no,5,failure,no
36,services,married,secondary,3064,yes,no,0,nonexistent,no
46,blue-collar,married,secondary,0,yes,no,0,nonexistent,no
32,admin.,single,secondary,1649,no,no,0,nonexistent,no
41,blue-collar,single,secondary,-386,no,yes,0,nonexistent,yes
44,management,single,tertiary,5063,no,no,0,nonexistent,yes
52,technician,married,secondary,1818,no,yes,4,failure,no
42,unemployed,married,secondary,1289,no,no,2,failure,yes
33,technician,divorced,tertiary,39,no,no,0,nonexistent,no
73,retired,married,primary,796,no,no,2,failure,yes
35,management,married,secondary,724,yes,no,1,failure,yes
30,blue-collar,married,secondary,-28,yes,no,1,failure,no
46,blue-collar,married,primary,665,no,no,2,failure,no
36,management,married,tertiary,925,no,no,4,success,yes
31,services,single,secondary,11386,yes,no,0,nonexistent,no
23,technician,single,tertiary,1129,yes,no,0,nonexistent,yes
42,self-employed,married,secondary,5564,no,no,0,nonexistent,no
53,unknown,married,primary,732,no,no,0,nonexistent,yes
35,admin.,divorced,secondary,3636,no,yes,0,nonexistent,yes
40,blue-collar,married,secondary,271,yes,no,0,nonexistent,no
50,unknown,married,unknown,558,no,no,6,failure,yes
55,retired,married,primary,-966,no,yes,0,nonexistent,no
37,management,married,tertiary,5355,no,no,0,nonexistent,yes
32,admin.,married,secondary,0,no,no,0,nonexistent,no
42,unemployed,single,secondary,2613,yes,no,0,nonexistent,no
42,student,married,unknown,-7,no,no,0,nonexistent,no
53,housemaid,married,primary,104,no,yes,0,nonexistent,yes
44,management,divorced,tertiary,476,yes,yes,0,nonexistent,no
39,management,single,tertiary,0,yes,no,0,nonexistent,no
48,unemployed,divorced,secondary,1266,yes,no,0,nonexistent,no
56,entrepreneur,divorced,primary,29,no,no,1,failure,no
26,blue-collar,married,primary,5116,yes,no,0,nonexistent,no
44,technician,divorced,secondary,14,no,no,1,success,yes
33,management,married,tertiary,1064,yes,no,0,nonexistent,yes
34,admin.,divorced,secondary,479,yes,no,5,failure,yes
44,blue-collar,married,secondary,1071,yes,no,1,failure,no
50,technician,divorced,secondary,-701,yes,yes,0,nonexistent,no
40,blue-collar,married,secondary,0,yes,yes,0,nonexistent,no
61,retired,married,secondary,2917,no,no,0,nonexistent,yes
31,services,single,secondary,469,no,yes,0,nonexistent,no
39,blue-collar,married,primary,2226,yes,no,0,nonexistent,no
42,technician,married,secondary,0,no,no,0,nonexistent,no
52,technician,married,tertiary,2557,no,no,2,success,yes
48,admin.,married,secondary,292,yes,yes,0,nonexistent,no
31,services,single,secondary,85,no,no,0,nonexistent,no
58,retired,married,secondary,11,no,no,0,nonexistent,no
31,entrepreneur,married,tertiary,5191,no,no,0,nonexistent,no
49,services,married,secondary,823,no,no,0,nonexistent,yes
24,blue-collar,single,unknown,431,yes,no,0,nonexistent,no
33,technician,married,secondary,181,yes,yes,0,nonexistent,no
37,admin.,single,secondary,-296,yes,no,0,nonexistent,no
59,management,married,primary,2358,yes,no,0,nonexistent,no
50,management,single,tertiary,1200,no,no,0,nonexistent,yes
38,blue-collar,married,primary,290,yes,no,0,nonexistent,no
46,blue-collar,married,primary,143,yes,no,0,nonexistent,no
36,management,married,tertiary,9,no,no,0,nonexistent,yes
40,management,married,tertiary,1734,yes,no,0,nonexistent,no
45,blue-collar,single,secondary,0,yes,no,4,failure,yes
42,technician,married,secondary,4945,yes,no,0,nonexistent,yes
37,technician,married,secondary,712,yes,no,0,nonexistent,no
57,retired,married,primary,1238,yes,no,0,nonexistent,no
27,student,single,tertiary,3733,yes,no,6,success,yes
58,housemaid,married,primary,0,yes,no,0,nonexistent,no
46,admin.,married,secondary,0,yes,yes,2,failure,no
31,management,married,tertiary,325,yes,no,0,nonexistent,yes
29,management,single,tertiary,437,no,no,1,success,yes
60,retired,married,primary,0,no,no,0,nonexistent,no
24,blue-collar,married,secondary,-220,yes,no,0,nonexistent,no
29,services,married,secondary,11417,yes,no,0,nonexistent,no
33,housemaid,married,primary,212,yes,no,0,nonexistent,no
34,blue-collar,married,secondary,67,yes,yes,0,nonexistent,no
45,admin.,divorced,secondary,0,no,no,0,nonexistent,yes
27,services,married,secondary,-1202,yes,no,0,nonexistent,no
45,blue-collar,married,primary,0,no,no,0,nonexistent,no
40,admin.,married,secondary,0,yes,yes,0,nonexistent,no
25,management,single,tertiary,2506,no,no,0,nonexistent,yes
41,blue-collar,single,secondary,75,yes,no,0,nonexistent,yes
47,technician,divorced,tertiary,477,yes,no,1,failure,no
29,technician,single,tertiary,2325,no,no,0,nonexistent,yes
32,technician,single,secondary,230,yes,no,8,failure,yes
46,management,divorced,secondary,-852,no,yes,0,nonexistent,no
53,blue-collar,married,secondary,25,no,no,0,nonexistent,yes
48,blue-collar,married,secondary,1159,yes,yes,0,nonexistent,no
45,technician,married,primary,-322,no,no,0,nonexistent,no
54,technician,divorced,secondary,1114,yes,no,0,nonexistent,no
47,technician,married,secondary,1219,no,no,0,nonexistent,yes
27,technician,married,secondary,7,yes,no,0,nonexistent,no
40,blue-collar,married,secondary,-839,yes,yes,0,nonexistent,yes
36,entrepreneur,married,tertiary,6,no,no,0,nonexistent,no
23,blue-collar,single,primary,8627,yes,no,0,nonexistent,no
57,blue-collar,married,primary,1592,no,yes,0,nonexistent,no
34,blue-collar,married,secondary,1221,yes,no,8,failure,no
61,management,married,secondary,985,no,no,0,nonexistent,yes
35,blue-collar,divorced,secondary,0,yes,no,0,nonexistent,no
57,services,married,tertiary,10,no,no,0,nonexistent,no
53,retired,married,secondary,6095,yes,yes,0,nonexistent,no
28,management,single,tertiary,-328,yes,no,0,nonexistent,no
35,management,divorced,tertiary,0,yes,no,0,nonexistent,yes
37,self-employed,married,tertiary,0,no,no,0,nonexistent,no
19,student,single,secondary,302,no,no,0,nonexistent,yes
28,blue-collar,single,secondary,6307,yes,no,0,nonexistent,no
53,management,divorced,secondary,112,no,yes,0,nonexistent,no
28,admin.,single,secondary,775,no,no,0,nonexistent,no
53,blue-collar,single,secondary,5715,no,no,0,nonexistent,no
29,technician,single,secondary,103,no,no,0,nonexistent,no
43,technician,married,tertiary,192,no,no,0,nonexistent,no
34,management,married,tertiary,1116,yes,no,0,nonexistent,no
46,technician,divorced,secondary,-90,no,yes,0,nonexistent,yes
38,entrepreneur,married,tertiary,170,yes,no,0,nonexistent,yes
37,technician,single,secondary,3665,no,no,0,nonexistent,yes
57,blue-collar,married,primary,179,no,no,0,nonexistent,no
49,services,married,secondary,320,no,no,0,nonexistent,yes
38,admin.,married,tertiary,1980,no,no,0,nonexistent,no
59,housemaid,married,primary,235,no,no,0,nonexistent,no
48,management,married,primary,3230,yes,no,0,nonexistent,no
44,management,married,tertiary,1058,no,no,0,nonexistent,yes
38,technician,married,secondary,6728,no,no,4,success,yes
32,technician,single,tertiary,1625,no,no,1,failure,yes
55,blue-collar,married,primary,1649,yes,no,0,nonexistent,no
51,housemaid,divorced,secondary,9228,no,no,0,nonexistent,yes
32,management,married,tertiary,2431,yes,no,0,nonexistent,yes
37,blue-collar,single,secondary,48,no,no,0,nonexistent,no
51,services,divorced,secondary,12,yes,no,0,nonexistent,no
23,admin.,single,secondary,5,no,no,0,nonexistent,no
35,technician,single,tertiary,470,yes,no,0,nonexistent,yes
38,technician,married,secondary,0,no,no,0,nonexistent,no
56,unemployed,divorced,primary,109,no,no,0,nonexistent,no
31,services,married,secondary,440,yes,no,0,nonexistent,no
32,management,single,tertiary,0,no,no,0,nonexistent,yes
28,services,single,secondary,2685,no,yes,0,nonexistent,no
33,admin.,married,secondary,220,yes,no,0,nonexistent,no
46,blue-collar,married,secondary,123,no,no,0,nonexistent,no
32,student,married,secondary,1694,yes,no,0,nonexistent,no
55,services,married,secondary,96,no,no,0,nonexistent,no
34,housemaid,married,secondary,0,yes,no,0,nonexistent,yes
32,admin.,single,secondary,10218,yes,no,0,nonexistent,no
41,technician,single,tertiary,1646,yes,no,6,success,yes
49,blue-collar,married,secondary,2039,yes,no,2,failure,yes
58,blue-collar,married,primary,73,no,no,0,nonexistent,no
56,services,married,secondary,705,yes,no,0,nonexistent,no
34,technician,married,secondary,1553,no,no,0,nonexistent,no
61,technician,married,secondary,1191,no,no,0,nonexistent,yes
45,management,married,tertiary,242,no,no,0,nonexistent,yes
36,management,single,secondary,1511,yes,no,0,nonexistent,yes
37,admin.,married,secondary,1123,no,yes,0,nonexistent,no
22,student,single,tertiary,691,no,no,0,nonexistent,yes
51,services,married,secondary,0,no,yes,0,nonexistent,no
71,retired,married,tertiary,14220,yes,no,0,nonexistent,yes
31,management,single,tertiary,12569,no,no,1,failure,yes
41,blue-collar,married,primary,4,no,no,0,nonexistent,no
56,admin.,married,secondary,45,no,no,0,nonexistent,yes
46,admin.,married,secondary,556,yes,yes,0,nonexistent,yes
55,retired,divorced,secondary,1580,no,yes,0,nonexistent,yes
34,technician,single,secondary,16,no,no,0,nonexistent,yes
38,entrepreneur,single,secondary,2543,no,no,4,failure,yes
38,self-employed,married,secondary,746,no,no,0,nonexistent,no
31,technician,married,secondary,589,yes,yes,0,nonexistent,no
45,admin.,married,secondary,644,no,yes,0,nonexistent,no
60,admin.,married,secondary,3735,no,no,9,success,yes
51,self-employed,married,unknown,2094,no,no,0,nonexistent,yes
50,services,married,secondary,26394,no,no,0,nonexistent,no
49,technician,married,tertiary,523,yes,no,0,nonexistent,yes
38,management,single,tertiary,16957,yes,no,2,failure,no
39,management,divorced,tertiary,26,no,no,0,nonexistent,no
40,management,married,tertiary,0,no,no,8,success,yes
39,blue-collar,married,primary,2303,yes,no,0,nonexistent,yes
50,technician,divorced,secondary,-54,yes,yes,1,failure,yes
73,retired,married,primary,279,no,no,0,nonexistent,yes
63,retired,married,primary,8044,no,no,0,nonexistent,no
34,admin.,married,secondary,2374,yes,no,2,failure,yes
49,housemaid,married,tertiary,443,no,no,0,nonexistent,no
38,technician,married,secondary,4030,yes,no,5,failure,no
52,admin.,married,secondary,0,no,no,1,failure,no
55,retired,married,secondary,168,no,no,0,nonexistent,no
43,management,single,tertiary,1696,yes,no,3,failure,yes
39,blue-collar,married,primary,800,yes,no,0,nonexistent,no
34,technician,single,secondary,347,yes,no,6,failure,no
67,retired,married,tertiary,701,no,no,0,nonexistent,yes
33,services,married,secondary,478,no,no,0,nonexistent,yes
52,technician,divorced,secondary,280,no,no,0,nonexistent,no
53,blue-collar,married,primary,1868,no,no,0,nonexistent,no
60,self-employed,single,secondary,27,no,no,0,nonexistent,no
31,technician,single,secondary,2544,no,no,3,success,yes
38,blue-collar,married,secondary,376,yes,no,0,nonexistent,no
46,management,married,tertiary,523,yes,no,2,failure,no
35,management,single,tertiary,0,no,yes,0,nonexistent,no
50,technician,married,secondary,841,yes,no,0,nonexistent,no
30,blue-collar,single,secondary,2145,yes,no,0,nonexistent,yes
28,technician,married,secondary,232,yes,yes,1,failure,no
47,technician,married,primary,187,yes,no,0,nonexistent,no
47,services,married,secondary,405,no,yes,0,nonexistent,yes
56,management,married,tertiary,334,yes,no,0,nonexistent,no
52,blue-collar,married,primary,2,no,no,0,nonexistent,no
42,blue-collar,divorced,unknown,0,no,no,0,nonexistent,no
48,management,married,tertiary,1808,yes,no,0,nonexistent,yes
32,admin.,single,secondary,678,yes,no,4,failure,yes
27,management,married,tertiary,802,no,no,0,nonexistent,yes
24,technician,married,secondary,556,yes,no,0,nonexistent,yes
48,admin.,married,secondary,191,yes,no,0,nonexistent,no
42,blue-collar,married,primary,1156,yes,no,0,nonexistent,no
59,admin.,married,secondary,2381,no,no,0,nonexistent,no
28,admin.,single,secondary,4745,no,no,5,success,yes
58,technician,married,primary,4015,no,no,0,nonexistent,no
36,blue-collar,married,secondary,1554,yes,no,0,nonexistent,no
32,services,married,secondary,132,yes,yes,0,nonexistent,no
34,management,single,tertiary,5086,no,no,0,nonexistent,yes
63,retired,married,secondary,474,no,no,0,nonexistent,yes
37,technician,married,tertiary,6968,no,no,0,nonexistent,no
28,management,single,unknown,81,no,yes,0,nonexistent,no
30,student,single,secondary,25,no,no,0,nonexistent,no
79,retired,married,primary,8556,no,no,2,success,yes
50,services,married,secondary,60,no,yes,0,nonexistent,no
34,technician,married,secondary,50,no,no,0,nonexistent,no
72,retired,married,primary,763,no,no,0,nonexistent,yes
34,blue-collar,married,secondary,470,yes,yes,0,nonexistent,no
55,management,married,tertiary,-375,no,no,0,nonexistent,yes
41,management,married,primary,5310,yes,no,0,nonexistent,yes
29,admin.,married,secondary,22171,yes,no,3,failure,no
32,entrepreneur,married,primary,795,no,no,0,nonexistent,no
52,blue-collar,married,secondary,2087,yes,no,1,failure,yes
43,technician,single,secondary,34,no,no,0,nonexistent,no
27,technician,single,secondary,15,yes,no,0,nonexistent,no
59,retired,divorced,secondary,1026,no,no,0,nonexistent,yes
54,technician,married,tertiary,876,no,no,3,success,yes
36,management,married,tertiary,495,no,no,6,success,yes
38,services,married,secondary,0,yes,no,0,nonexistent,no
55,retired,married,secondary,1467,no,yes,0,nonexistent,no
36,blue-collar,married,secondary,4438,yes,no,0,nonexistent,yes
35,entrepreneur,married,tertiary,2723,yes,yes,0,nonexistent,no
31,blue-collar,single,tertiary,2197,yes,no,0,nonexistent,no
58,management,married,tertiary,16264,no,no,0,nonexistent,no
58,blue-collar,married,secondary,590,no,yes,0,nonexistent,no
64,retired,married,tertiary,846,no,no,3,failure,yes
40,blue-collar,single,secondary,3,no,no,0,nonexistent,yes
87,retired,married,primary,230,no,no,0,nonexistent,yes
33,admin.,married,tertiary,79,yes,no,2,failure,yes
25,management,single,tertiary,808,no,no,2,failure,yes
35,blue-collar,divorced,primary,1792,yes,no,0,nonexistent,yes
32,management,single,tertiary,537,no,no,0,nonexistent,no
53,management,married,unknown,2240,yes,no,1,success,yes
33,admin.,married,secondary,0,yes,no,0,nonexistent,yes
37,self-employed,married,secondary,215,yes,no,0,nonexistent,no
58,blue-collar,married,primary,23,yes,no,0,nonexistent,no
53,admin.,married,secondary,459,no,no,0,nonexistent,yes
31,blue-collar,single,secondary,1882,no,no,0,nonexistent,no
79,retired,married,primary,429,no,no,0,nonexistent,yes
21,student,single,secondary,6,no,no,0,nonexistent,no
40,self-employed,divorced,secondary,1876,no,yes,0,nonexistent,no
27,admin.,married,secondary,897,no,no,0,nonexistent,yes
38,unknown,single,tertiary,0,no,no,3,success,yes
43,management,married,tertiary,348,no,yes,0,nonexistent,no
36,management,married,tertiary,9324,yes,no,0,nonexistent,no
33,self-employed,single,tertiary,61,no,no,0,nonexistent,yes
36,management,single,tertiary,1283,no,no,0,nonexistent,no
39,self-employed,married,tertiary,1047,no,no,0,nonexistent,yes
55,technician,married,secondary,-308,no,no,0,nonexistent,yes
28,student,single,secondary,153,no,no,0,nonexistent,yes
48,technician,married,secondary,178,yes,no,0,nonexistent,no
35,blue-collar,married,secondary,444,yes,no,0,nonexistent,no
49,blue-collar,married,unknown,3096,no,no,0,nonexistent,no
40,blue-collar,married,secondary,6767,yes,no,0,nonexistent,no
31,admin.,married,secondary,0,yes,no,0,nonexistent,no
30,technician,single,secondary,3107,yes,no,0,nonexistent,no
33,technician,divorced,secondary,-305,no,yes,0,nonexistent,no
35,self-employed,married,secondary,670,no,no,0,nonexistent,no
71,retired,married,secondary,2850,no,no,0,nonexistent,yes
34,technician,single,secondary,5039,no,no,0,nonexistent,no
46,blue-collar,married,primary,1291,yes,no,17,failure,no
47,management,married,tertiary,2306,no,no,0,nonexistent,yes
50,blue-collar,married,primary,-1,no,no,0,nonexistent,no
58,management,single,tertiary,331,no,yes,0,nonexistent,no
58,services,divorced,secondary,462,no,no,1,success,yes
41,technician,married,secondary,0,no,no,0,nonexistent,no
43,technician,married,secondary,136,no,no,0,nonexistent,yes
32,management,single,tertiary,28,no,no,0,nonexistent,no
44,management,single,tertiary,1206,no,no,0,nonexistent,no
25,technician,married,tertiary,914,yes,no,0,nonexistent,no
39,self-employed,married,secondary,31,yes,no,4,failure,no
33,services,divorced,secondary,2411,yes,no,1,failure,yes
48,blue-collar,married,primary,199,no,no,0,nonexistent,no
30,unemployed,single,tertiary,302,no,no,0,nonexistent,yes
58,retired,married,primary,565,no,no,0,nonexistent,yes
47,blue-collar,married,primary,292,no,yes,0,nonexistent,no
68,retired,married,secondary,19317,yes,no,0,nonexistent,yes
49,technician,married,tertiary,3726,no,no,0,nonexistent,yes
61,self-employed,divorced,tertiary,6610,no,no,0,nonexistent,yes
36,admin.,single,secondary,319,yes,no,0,nonexistent,no
31,technician,single,tertiary,424,no,no,0,nonexistent,no
30,technician,single,tertiary,-970,no,yes,0,nonexistent,no
39,technician,married,tertiary,209,no,no,0,nonexistent,no
34,housemaid,married,tertiary,0,no,no,1,failure,no
51,self-employed,married,primary,307,yes,yes,0,nonexistent,no
32,management,married,tertiary,0,no,no,0,nonexistent,no
47,self-employed,married,tertiary,4543,yes,no,0,nonexistent,no
30,management,single,tertiary,149,yes,no,0,nonexistent,no
46,blue-collar,married,secondary,-1400,yes,no,4,failure,no
33,entrepreneur,married,secondary,-118,yes,yes,0,nonexistent,no
43,blue-collar,married,secondary,2160,no,no,1,success,yes
38,management,married,unknown,3576,no,no,1,success,yes
34,admin.,married,secondary,396,yes,no,0,nonexistent,no
39,blue-collar,married,secondary,293,yes,no,0,nonexistent,no
27,management,single,tertiary,88,no,no,0,nonexistent,no
60,retired,divorced,secondary,598,no,yes,0,nonexistent,no
35,management,married,tertiary,949,yes,no,0,nonexistent,no
31,technician,single,tertiary,614,no,no,0,nonexistent,no
29,services,married,secondary,182,yes,no,0,nonexistent,no
52,management,single,tertiary,83,no,no,0,nonexistent,yes
39,blue-collar,single,primary,6,yes,no,0,nonexistent,no
30,self-employed,single,secondary,192,no,no,0,nonexistent,no
29,services,divorced,secondary,84,yes,no,0,nonexistent,yes
33,student,single,unknown,5969,no,no,8,failure,no
34,technician,married,secondary,351,yes,no,0,nonexistent,no
32,services,married,secondary,38,yes,no,0,nonexistent,yes
33,blue-collar,single,primary,92,yes,no,0,nonexistent,no
36,entrepreneur,married,tertiary,3057,no,no,0,nonexistent,yes
47,services,married,secondary,2322,no,no,0,nonexistent,no
31,services,married,secondary,-230,yes,yes,0,nonexistent,no
30,blue-collar,single,secondary,239,yes,no,0,nonexistent,yes
30,admin.,single,tertiary,305,no,no,2,success,yes
80,housemaid,married,primary,0,no,no,1,failure,yes
31,management,married,tertiary,1331,no,no,3,success,yes
48,blue-collar,married,secondary,1738,yes,no,0,nonexistent,no
42,blue-collar,married,primary,-97,yes,no,5,failure,no
36,blue-collar,married,secondary,199,yes,no,0,nonexistent,no
32,services,single,secondary,152,yes,no,0,nonexistent,yes
37,housemaid,divorced,secondary,1040,yes,no,2,failure,no
49,unemployed,married,primary,-384,yes,no,0,nonexistent,no
43,technician,married,secondary,3285,yes,no,0,nonexistent,yes
34,technician,divorced,tertiary,674,yes,no,0,nonexistent,yes
27,services,married,secondary,0,yes,no,0,nonexistent,yes
36,blue-collar,divorced,primary,-308,yes,no,0,nonexistent,yes
37,self-employed,married,tertiary,137,no,no,0,nonexistent,no
36,management,single,tertiary,2944,no,no,0,nonexistent,yes
35,technician,single,tertiary,2288,no,no,0,nonexistent,no
55,technician,divorced,secondary,3450,no,no,1,failure,yes
47,management,single,tertiary,0,no,no,0,nonexistent,no
61,management,married,tertiary,997,no,no,0,nonexistent,yes
35,management,married,tertiary,8,no,no,0,nonexistent,yes
26,management,single,tertiary,170,no,no,0,nonexistent,yes
74,retired,married,secondary,921,no,no,0,nonexistent,yes
46,self-employed,married,secondary,390,yes,no,0,nonexistent,no
47,management,married,tertiary,0,no,no,0,nonexistent,yes
43,unemployed,single,unknown,3274,yes,no,1,failure,no
66,retired,married,primary,206,no,no,0,nonexistent,yes
48,technician,married,secondary,7020,no,no,0,nonexistent,no
33,admin.,married,secondary,95,yes,no,0,nonexistent,yes
46,technician,divorced,secondary,-824,yes,no,0,nonexistent,yes
28,management,single,tertiary,5549,no,no,0,nonexistent,no
51,admin.,married,secondary,423,yes,yes,0,nonexistent,no
31,blue-collar,married,unknown,-120,yes,no,2,failure,no
29,housemaid,single,tertiary,19,no,no,2,success,yes
50,unknown,married,primary,341,yes,yes,2,success,yes
39,admin.,married,secondary,607,yes,no,3,failure,yes
31,blue-collar,married,secondary,1495,yes,yes,0,nonexistent,no
27,blue-collar,married,secondary,362,yes,no,0,nonexistent,no
54,technician,married,secondary,-315,no,yes,0,nonexistent,yes
54,blue-collar,married,primary,4503,no,no,0,nonexistent,no
50,services,married,secondary,961,no,yes,0,nonexistent,no
33,technician,married,secondary,3470,no,no,0,nonexistent,no
26,student,single,tertiary,294,no,no,2,success,yes
62,unknown,married,secondary,367,no,no,0,nonexistent,no
44,technician,single,secondary,1679,no,no,0,nonexistent,yes
31,services,divorced,primary,459,yes,no,1,success,yes
36,blue-collar,married,primary,1177,no,no,4,success,yes
55,blue-collar,married,secondary,1011,yes,no,0,nonexistent,no
24,blue-collar,married,secondary,0,no,no,0,nonexistent,no
36,technician,married,tertiary,167,yes,no,0,nonexistent,no
42,management,married,tertiary,2187,yes,no,0,nonexistent,yes
30,technician,married,tertiary,569,no,no,0,nonexistent,yes
36,technician,single,secondary,12,no,no,0,nonexistent,yes
48,technician,married,secondary,17,yes,yes,0,nonexistent,no
47,admin.,married,secondary,3676,no,no,3,success,yes
39,services,single,secondary,471,no,no,0,nonexistent,no
34,management,married,tertiary,3050,yes,no,0,nonexistent,yes
49,management,married,primary,3371,no,no,0,nonexistent,yes
42,entrepreneur,married,tertiary,157,yes,yes,0,nonexistent,no
38,housemaid,married,primary,21,no,no,0,nonexistent,no
40,management,married,tertiary,51,no,no,0,nonexistent,no
29,services,single,secondary,-287,yes,no,0,nonexistent,no
44,self-employed,single,tertiary,2734,yes,no,0,nonexistent,yes
50,entrepreneur,married,tertiary,52,no,no,0,nonexistent,no
54,retired,divorced,primary,22,no,no,0,nonexistent,no
34,technician,married,tertiary,1611,yes,no,0,nonexistent,no
34,admin.,single,tertiary,18,yes,yes,0,nonexistent,yes
52,blue-collar,married,primary,1331,yes,no,0,nonexistent,no
60,unknown,married,unknown,7337,no,no,0,nonexistent,no
25,technician,single,secondary,959,no,no,0,nonexistent,no
66,retired,married,tertiary,1948,no,no,4,success,yes
57,admin.,married,secondary,-967,yes,no,0,nonexistent,no
31,admin.,single,secondary,5527,yes,no,0,nonexistent,no
37,blue-collar,divorced,secondary,0,yes,no,0,nonexistent,yes
34,management,married,secondary,-294,yes,no,0,nonexistent,no
34,technician,single,secondary,179,no,no,0,nonexistent,no
55,blue-collar,married,secondary,471,yes,no,0,nonexistent,no
41,entrepreneur,divorced,secondary,1588,yes,yes,0,nonexistent,no
38,housemaid,divorced,secondary,70,no,no,1,success,yes
30,admin.,married,tertiary,0,yes,no,0,nonexistent,no
46,blue-collar,married,unknown,9328,yes,no,0,nonexistent,yes
32,self-employed,married,tertiary,3601,no,no,0,nonexistent,no
52,admin.,single,unknown,2227,no,no,0,nonexistent,yes
38,blue-collar,divorced,secondary,0,yes,no,1,failure,no
36,services,single,secondary,174,yes,no,0,nonexistent,no
40,technician,married,secondary,4441,yes,no,2,failure,no
42,management,divorced,tertiary,0,no,no,0,nonexistent,no
54,blue-collar,married,secondary,448,yes,yes,0,nonexistent,no
53,entrepreneur,married,primary,27,yes,no,0,nonexistent,yes
39,self-employed,single,tertiary,3972,no,no,0,nonexistent,no
28,blue-collar,married,secondary,2788,yes,no,0,nonexistent,yes
51,management,married,tertiary,176,yes,yes,2,failure,no
53,management,married,primary,4086,no,no,0,nonexistent,no
30,management,married,tertiary,944,no,no,0,nonexistent,yes
69,retired,single,tertiary,2144,no,no,4,success,yes
35,technician,married,secondary,0,no,no,0,nonexistent,no
26,entrepreneur,married,tertiary,37,yes,yes,2,failure,no
39,entrepreneur,married,secondary,0,no,no,0,nonexistent,no
84,retired,divorced,primary,639,no,no,0,nonexistent,yes
25,student,single,secondary,8,no,no,0,nonexistent,yes
31,self-employed,single,tertiary,-282,yes,no,0,nonexistent,no
47,blue-collar,divorced,primary,126,yes,no,0,nonexistent,yes
50,self-employed,divorced,tertiary,13,yes,no,0,nonexistent,yes
30,technician,married,secondary,-393,yes,yes,0,nonexistent,yes
52,blue-collar,married,primary,1141,yes,no,0,nonexistent,no
55,entrepreneur,divorced,secondary,538,yes,no,0,nonexistent,yes
33,technician,married,tertiary,8023,no,no,4,failure,no
53,unemployed,married,secondary,94,no,no,14,success,yes
57,retired,married,secondary,1044,no,no,2,success,yes
46,blue-collar,married,primary,0,yes,no,0,nonexistent,no
36,services,single,secondary,760,no,no,0,nonexistent,no
32,blue-collar,married,primary,415,yes,no,0,nonexistent,yes
48,blue-collar,married,secondary,865,yes,no,0,nonexistent,no
26,technician,single,secondary,1275,yes,no,0,nonexistent,no
48,services,divorced,secondary,3186,no,yes,0,nonexistent,no
32,services,single,secondary,133,no,no,0,nonexistent,yes
48,blue-collar,married,secondary,480,yes,no,2,failure,yes
34,management,married,tertiary,606,no,no,0,nonexistent,yes
49,management,single,primary,548,no,no,0,nonexistent,no
57,technician,married,secondary,589,yes,no,4,failure,no
51,blue-collar,divorced,secondary,78,yes,no,0,nonexistent,no
27,blue-collar,single,secondary,3792,no,no,0,nonexistent,yes
30,technician,single,secondary,-522,yes,yes,6,failure,yes
36,student,single,unknown,386,no,no,0,nonexistent,no
37,unemployed,married,secondary,1978,no,no,1,success,yes
38,unemployed,married,tertiary,2812,yes,no,0,nonexistent,yes
33,blue-collar,single,secondary,-416,yes,no,0,nonexistent,yes
45,management,divorced,tertiary,220,yes,no,0,nonexistent,no
69,retired,married,unknown,426,no,no,1,success,yes
65,unknown,married,unknown,4717,no,no,0,nonexistent,yes
62,self-employed,divorced,tertiary,6,yes,no,4,success,yes
39,services,divorced,secondary,687,yes,no,0,nonexistent,yes
38,technician,single,secondary,-242,yes,no,6,success,yes
44,management,single,tertiary,1424,yes,no,0,nonexistent,no
31,blue-collar,married,secondary,92,yes,no,0,nonexistent,yes
33,technician,single,secondary,2085,no,no,0,nonexistent,yes
36,technician,single,tertiary,197,no,no,0,nonexistent,yes
30,technician,single,tertiary,411,no,no,0,nonexistent,no
34,blue-collar,married,secondary,584,yes,no,0,nonexistent,no
35,admin.,married,tertiary,1145,yes,no,0,nonexistent,no
32,management,single,tertiary,2,yes,no,0,nonexistent,yes
34,housemaid,married,primary,2929,no,no,0,nonexistent,yes
32,services,married,secondary,-220,yes,yes,0,nonexistent,no
58,retired,married,secondary,3382,no,yes,2,failure,no
25,student,married,tertiary,10,yes,no,0,nonexistent,yes
45,blue-collar,married,primary,185,yes,no,0,nonexistent,no
35,blue-collar,married,primary,378,yes,no,0,nonexistent,no
53,management,married,tertiary,15,no,no,0,nonexistent,yes
52,management,married,secondary,335,no,no,1,failure,yes
34,admin.,divorced,secondary,-251,no,no,0,nonexistent,yes
56,admin.,married,secondary,1504,yes,no,0,nonexistent,no
40,services,married,tertiary,35,no,no,3,failure,no
26,blue-collar,single,secondary,592,yes,yes,0,nonexistent,no
59,retired,married,primary,0,no,no,0,nonexistent,yes
46,technician,single,secondary,834,yes,no,0,nonexistent,no
27,admin.,married,secondary,186,yes,no,0,nonexistent,no
44,technician,married,secondary,5597,no,no,0,nonexistent,no
46,admin.,single,secondary,1790,yes,no,0,nonexistent,no
55,services,divorced,primary,653,no,no,0,nonexistent,no
49,admin.,married,secondary,3608,yes,no,0,nonexistent,yes
40,blue-collar,married,secondary,440,yes,no,0,nonexistent,no
73,retired,married,unknown,519,no,no,1,failure,yes
53,blue-collar,married,primary,225,no,no,0,nonexistent,no
50,blue-collar,married,unknown,2284,yes,no,0,nonexistent,yes
29,blue-collar,single,secondary,-20,no,yes,0,nonexistent,yes
39,management,single,secondary,36,no,no,0,nonexistent,no
30,management,married,tertiary,42,no,no,0,nonexistent,no
63,retired,divorced,secondary,1490,no,no,0,nonexistent,yes
59,retired,married,secondary,0,no,no,0,nonexistent,yes
28,blue-collar,married,secondary,225,yes,yes,0,nonexistent,no
83,retired,divorced,primary,1097,no,no,0,nonexistent,yes
40,blue-collar,married,secondary,4795,yes,no,0,nonexistent,no
50,unemployed,married,secondary,3357,no,no,0,nonexistent,yes
48,admin.,married,secondary,5,yes,no,0,nonexistent,no
41,entrepreneur,married,primary,39,yes,no,0,nonexistent,yes
45,admin.,divorced,secondary,59,yes,no,0,nonexistent,yes
52,blue-collar,married,primary,-133,no,no,0,nonexistent,no
32,blue-collar,single,secondary,811,yes,no,0,nonexistent,yes
45,management,single,tertiary,2048,yes,no,1,failure,yes
35,services,married,secondary,505,yes,yes,0,nonexistent,no
42,self-employed,married,tertiary,0,no,no,0,nonexistent,no
40,management,married,tertiary,-17,yes,yes,1,success,yes
50,blue-collar,married,secondary,181,yes,no,0,nonexistent,no
29,management,single,tertiary,572,no,no,1,success,yes
40,technician,married,secondary,-396,yes,no,0,nonexistent,no
33,technician,single,secondary,920,yes,no,4,failure,no
43,unemployed,divorced,secondary,1577,yes,no,0,nonexistent,no
36,management,divorced,tertiary,0,no,no,0,nonexistent,no
31,technician,single,tertiary,1166,yes,no,0,nonexistent,no
38,management,married,tertiary,3436,no,no,0,nonexistent,yes
32,technician,single,secondary,309,yes,yes,3,failure,no
28,technician,single,tertiary,0,yes,no,0,nonexistent,no
26,technician,single,secondary,668,yes,no,0,nonexistent,yes
38,admin.,married,secondary,4196,yes,no,0,nonexistent,no
42,services,married,secondary,-91,yes,yes,0,nonexistent,no
60,self-employed,married,primary,362,no,yes,0,nonexistent,yes
42,blue-collar,single,secondary,1080,yes,yes,4,failure,yes
32,admin.,single,secondary,620,yes,no,0,nonexistent,yes
51,technician,married,tertiary,2506,no,no,0,nonexistent,no
46,blue-collar,married,secondary,668,yes,no,0,nonexistent,yes
49,blue-collar,married,secondary,322,no,no,0,nonexistent,no
33,services,married,secondary,-333,yes,no,0,nonexistent,no
